[
  {
    "title": "Portfolio Item 1",
    "imageUrl": "",
    "description": "A very long description for Portfolio Item 1. This project was a lot of fun to work on and I learned a lot from it. I hope you enjoy it as much as I did!"
  },
  {
    "title": "Portfolio Item 2",
    "imageUrl": "",
    "description": "Description for Portfolio Item 2"
  },
  {
    "title": "Portfolio Item 3",
    "imageUrl": "",
    "description": "Description for Portfolio Item 3"
  },
  {
    "title": "Portfolio Item 4",
    "imageUrl": "",
    "description": "Description for Portfolio Item 4"
  }
]